"","date","pm25","pm10","o3","no2","so2","co"
"1","16/05/2017",76,NA,NA,NA,NA,NA
"2","17/05/2017",69,NA,NA,NA,NA,NA
"3","18/05/2017",61,NA,NA,NA,NA,NA
"4","19/05/2017",67,NA,NA,NA,NA,NA
"5","20/05/2017",65,NA,NA,NA,NA,NA
"6","21/05/2017",55,NA,NA,NA,NA,NA
"7","22/05/2017",35,NA,NA,NA,NA,NA
"8","23/05/2017",32,NA,NA,NA,NA,NA
"9","24/05/2017",26,NA,NA,NA,NA,NA
"10","25/05/2017",31,NA,NA,NA,NA,NA
"11","26/05/2017",24,NA,NA,NA,NA,NA
"12","27/05/2017",23,NA,NA,NA,NA,NA
"13","28/05/2017",32,NA,NA,NA,NA,NA
"14","29/05/2017",14,NA,NA,NA,NA,NA
"15","30/05/2017",14,NA,NA,NA,NA,NA
"16","31/05/2017",20,NA,NA,NA,NA,NA
"17","1/06/2017",27,NA,NA,NA,NA,NA
"18","2/06/2017",30,NA,NA,NA,NA,NA
"19","3/06/2017",31,NA,NA,NA,NA,NA
"20","4/06/2017",41,NA,NA,NA,NA,NA
"21","5/06/2017",63,NA,NA,NA,NA,NA
"22","6/06/2017",69,NA,NA,NA,NA,NA
"23","7/06/2017",33,NA,NA,NA,NA,NA
"24","8/06/2017",33,NA,NA,NA,NA,NA
"25","9/06/2017",47,NA,NA,NA,NA,NA
"26","10/06/2017",46,NA,NA,NA,NA,NA
"27","11/06/2017",54,NA,NA,NA,NA,NA
"28","12/06/2017",65,NA,NA,NA,NA,NA
"29","13/06/2017",48,NA,NA,NA,NA,NA
"30","14/06/2017",58,NA,NA,NA,NA,NA
"31","15/06/2017",50,NA,NA,NA,NA,NA
"32","17/06/2017",54,NA,NA,NA,NA,NA
"33","18/06/2017",72,NA,NA,NA,NA,NA
"34","19/06/2017",82,NA,NA,NA,NA,NA
"35","20/06/2017",58,NA,NA,NA,NA,NA
"36","21/06/2017",40,NA,NA,NA,NA,NA
"37","22/06/2017",33,NA,NA,NA,NA,NA
"38","23/06/2017",46,NA,NA,NA,NA,NA
"39","24/06/2017",34,NA,NA,NA,NA,NA
"40","25/06/2017",25,NA,NA,NA,NA,NA
"41","26/06/2017",18,NA,NA,NA,NA,NA
"42","27/06/2017",19,NA,NA,NA,NA,NA
"43","28/06/2017",46,NA,NA,NA,NA,NA
"44","29/06/2017",35,NA,NA,NA,NA,NA
"45","30/06/2017",29,NA,NA,NA,NA,NA
"46","1/07/2017",33,NA,NA,NA,NA,NA
"47","2/07/2017",57,NA,NA,NA,NA,NA
"48","3/07/2017",33,NA,NA,NA,NA,NA
"49","4/07/2017",29,NA,NA,NA,NA,NA
"50","5/07/2017",13,NA,NA,NA,NA,NA
"51","6/07/2017",18,NA,NA,NA,NA,NA
"52","7/07/2017",30,NA,NA,NA,NA,NA
"53","8/07/2017",20,NA,NA,NA,NA,NA
"54","9/07/2017",21,NA,NA,NA,NA,NA
"55","10/07/2017",12,NA,NA,NA,NA,NA
"56","11/07/2017",12,NA,NA,NA,NA,NA
"57","12/07/2017",14,NA,NA,NA,NA,NA
"58","13/07/2017",52,NA,NA,NA,NA,NA
"59","14/07/2017",29,NA,NA,NA,NA,NA
"60","15/07/2017",19,NA,NA,NA,NA,NA
"61","16/07/2017",21,NA,NA,NA,NA,NA
"62","17/07/2017",50,NA,NA,NA,NA,NA
"63","18/07/2017",11,NA,NA,NA,NA,NA
"64","19/07/2017",9,NA,NA,NA,NA,NA
"65","20/07/2017",23,NA,NA,NA,NA,NA
"66","21/07/2017",37,NA,NA,NA,NA,NA
"67","22/07/2017",46,NA,NA,NA,NA,NA
"68","23/07/2017",27,NA,NA,NA,NA,NA
"69","24/07/2017",11,NA,NA,NA,NA,NA
"70","26/07/2017",20,NA,NA,NA,NA,NA
"71","27/07/2017",19,NA,NA,NA,NA,NA
"72","28/07/2017",36,NA,NA,NA,NA,NA
"73","29/07/2017",17,NA,NA,NA,NA,NA
"74","30/07/2017",26,NA,NA,NA,NA,NA
"75","31/07/2017",16,NA,NA,NA,NA,NA
"76","1/08/2017",38,NA,NA,NA,NA,NA
"77","2/08/2017",52,NA,NA,NA,NA,NA
"78","3/08/2017",60,NA,NA,NA,NA,NA
"79","4/08/2017",82,NA,NA,NA,NA,NA
"80","5/08/2017",72,NA,NA,NA,NA,NA
"81","6/08/2017",14,NA,NA,NA,NA,NA
"82","7/08/2017",1,NA,NA,NA,NA,NA
"83","8/08/2017",5,NA,NA,NA,NA,NA
"84","9/08/2017",12,NA,NA,NA,NA,NA
"85","10/08/2017",17,NA,NA,NA,NA,NA
"86","11/08/2017",10,NA,NA,NA,NA,NA
"87","12/08/2017",9,NA,NA,NA,NA,NA
"88","13/08/2017",15,NA,NA,NA,NA,NA
"89","14/08/2017",23,NA,NA,NA,NA,NA
"90","15/08/2017",10,NA,NA,NA,NA,NA
"91","16/08/2017",19,NA,NA,NA,NA,NA
"92","17/08/2017",13,NA,NA,NA,NA,NA
"93","18/08/2017",15,NA,NA,NA,NA,NA
"94","19/08/2017",8,NA,NA,NA,NA,NA
"95","20/08/2017",15,NA,NA,NA,NA,NA
"96","21/08/2017",25,NA,NA,NA,NA,NA
"97","22/08/2017",36,NA,NA,NA,NA,NA
"98","23/08/2017",25,NA,NA,NA,NA,NA
"99","24/08/2017",20,NA,NA,NA,NA,NA
"100","25/08/2017",19,NA,NA,NA,NA,NA
"101","26/08/2017",23,NA,NA,NA,NA,NA
"102","27/08/2017",13,NA,NA,NA,NA,NA
"103","28/08/2017",13,NA,NA,NA,NA,NA
"104","29/08/2017",27,NA,NA,NA,NA,NA
"105","30/08/2017",30,NA,NA,NA,NA,NA
"106","31/08/2017",28,NA,NA,NA,NA,NA
"107","1/09/2017",39,NA,NA,NA,NA,NA
"108","2/09/2017",39,NA,NA,NA,NA,NA
"109","3/09/2017",30,NA,NA,NA,NA,NA
"110","4/09/2017",20,NA,NA,NA,NA,NA
"111","5/09/2017",36,NA,NA,NA,NA,NA
"112","11/09/2017",23,NA,NA,NA,NA,NA
"113","12/09/2017",21,NA,NA,NA,NA,NA
"114","13/09/2017",23,NA,NA,NA,NA,NA
"115","14/09/2017",32,NA,NA,NA,NA,NA
"116","15/09/2017",19,NA,NA,NA,NA,NA
"117","16/09/2017",21,NA,NA,NA,NA,NA
"118","17/09/2017",22,NA,NA,NA,NA,NA
"119","18/09/2017",36,NA,NA,NA,NA,NA
"120","19/09/2017",17,NA,NA,NA,NA,NA
"121","20/09/2017",16,NA,NA,NA,NA,NA
"122","21/09/2017",28,NA,NA,NA,NA,NA
"123","22/09/2017",23,NA,NA,NA,NA,NA
"124","23/09/2017",33,NA,NA,NA,NA,NA
"125","24/09/2017",26,NA,NA,NA,NA,NA
"126","25/09/2017",21,NA,NA,NA,NA,NA
"127","26/09/2017",17,NA,NA,NA,NA,NA
"128","27/09/2017",24,NA,NA,NA,NA,NA
"129","28/09/2017",31,NA,NA,NA,NA,NA
"130","29/09/2017",25,NA,NA,NA,NA,NA
"131","30/09/2017",19,NA,NA,NA,NA,NA
"132","1/10/2017",17,NA,NA,NA,NA,NA
"133","2/10/2017",23,NA,NA,NA,NA,NA
"134","3/10/2017",21,NA,NA,NA,NA,NA
"135","4/10/2017",30,NA,NA,NA,NA,NA
"136","5/10/2017",41,NA,NA,NA,NA,NA
"137","6/10/2017",43,NA,NA,NA,NA,NA
"138","7/10/2017",24,NA,NA,NA,NA,NA
"139","8/10/2017",23,NA,NA,NA,NA,NA
"140","9/10/2017",25,NA,NA,NA,NA,NA
"141","10/10/2017",25,NA,NA,NA,NA,NA
"142","11/10/2017",30,NA,NA,NA,NA,NA
"143","12/10/2017",33,NA,NA,NA,NA,NA
"144","13/10/2017",23,NA,NA,NA,NA,NA
"145","14/10/2017",26,NA,NA,NA,NA,NA
"146","15/10/2017",30,NA,NA,NA,NA,NA
"147","16/10/2017",31,NA,NA,NA,NA,NA
"148","17/10/2017",32,NA,NA,NA,NA,NA
"149","18/10/2017",50,NA,NA,NA,NA,NA
"150","21/10/2017",39,NA,NA,NA,NA,NA
"151","22/10/2017",32,NA,NA,NA,NA,NA
"152","23/10/2017",20,NA,NA,NA,NA,NA
"153","24/10/2017",20,NA,NA,NA,NA,NA
"154","25/10/2017",25,NA,NA,NA,NA,NA
"155","26/10/2017",35,NA,NA,NA,NA,NA
"156","27/10/2017",28,NA,NA,NA,NA,NA
"157","28/10/2017",31,NA,NA,NA,NA,NA
"158","29/10/2017",25,NA,NA,NA,NA,NA
"159","30/10/2017",34,NA,NA,NA,NA,NA
"160","31/10/2017",25,NA,NA,NA,NA,NA
"161","1/11/2017",37,NA,NA,NA,NA,NA
"162","2/11/2017",36,NA,NA,NA,NA,NA
"163","3/11/2017",32,NA,NA,NA,NA,NA
"164","4/11/2017",38,NA,NA,NA,NA,NA
"165","5/11/2017",36,NA,NA,NA,NA,NA
"166","6/11/2017",43,NA,NA,NA,NA,NA
"167","7/11/2017",28,NA,NA,NA,NA,NA
"168","8/11/2017",22,NA,NA,NA,NA,NA
"169","9/11/2017",27,NA,NA,NA,NA,NA
"170","10/11/2017",30,NA,NA,NA,NA,NA
"171","11/11/2017",45,NA,NA,NA,NA,NA
"172","12/11/2017",56,NA,NA,NA,NA,NA
"173","13/11/2017",56,NA,NA,NA,NA,NA
"174","14/11/2017",50,NA,NA,NA,NA,NA
"175","15/11/2017",45,NA,NA,NA,NA,NA
"176","16/11/2017",38,NA,NA,NA,NA,NA
"177","17/11/2017",43,NA,NA,NA,NA,NA
"178","18/11/2017",38,NA,NA,NA,NA,NA
"179","19/11/2017",38,NA,NA,NA,NA,NA
"180","20/11/2017",33,NA,NA,NA,NA,NA
"181","21/11/2017",28,NA,NA,NA,NA,NA
"182","22/11/2017",40,NA,NA,NA,NA,NA
"183","23/11/2017",42,NA,NA,NA,NA,NA
"184","24/11/2017",47,NA,NA,NA,NA,NA
"185","25/11/2017",52,NA,NA,NA,NA,NA
"186","26/11/2017",42,NA,NA,NA,NA,NA
"187","27/11/2017",35,NA,NA,NA,NA,NA
"188","28/11/2017",36,NA,NA,NA,NA,NA
"189","29/11/2017",149,NA,NA,NA,NA,NA
"190","30/11/2017",54,NA,NA,NA,NA,NA
"191","1/12/2017",35,NA,NA,NA,NA,NA
"192","2/12/2017",36,NA,NA,NA,NA,NA
"193","3/12/2017",26,NA,NA,NA,NA,NA
"194","4/12/2017",27,NA,NA,NA,NA,NA
"195","5/12/2017",28,NA,NA,NA,NA,NA
"196","6/12/2017",31,NA,NA,NA,NA,NA
"197","7/12/2017",23,NA,NA,NA,NA,NA
"198","8/12/2017",31,NA,NA,NA,NA,NA
"199","9/12/2017",27,NA,NA,NA,NA,NA
"200","10/12/2017",23,NA,NA,NA,NA,NA
"201","11/12/2017",28,NA,NA,NA,NA,NA
"202","12/12/2017",24,NA,NA,NA,NA,NA
"203","13/12/2017",26,NA,NA,NA,NA,NA
"204","14/12/2017",35,NA,NA,NA,NA,NA
"205","15/12/2017",32,NA,NA,NA,NA,NA
"206","16/12/2017",32,NA,NA,NA,NA,NA
"207","17/12/2017",34,NA,NA,NA,NA,NA
"208","18/12/2017",31,NA,NA,NA,NA,NA
"209","19/12/2017",45,NA,NA,NA,NA,NA
"210","20/12/2017",41,NA,NA,NA,NA,NA
"211","21/12/2017",39,NA,NA,NA,NA,NA
"212","22/12/2017",33,NA,NA,NA,NA,NA
"213","23/12/2017",33,NA,NA,NA,NA,NA
"214","24/12/2017",33,NA,NA,NA,NA,NA
"215","25/12/2017",33,NA,NA,NA,NA,NA
"216","26/12/2017",21,NA,NA,NA,NA,NA
"217","27/12/2017",23,NA,NA,NA,NA,NA
"218","28/12/2017",25,NA,NA,NA,NA,NA
"219","29/12/2017",28,NA,NA,NA,NA,NA
"220","30/12/2017",49,NA,NA,NA,NA,NA
"221","31/12/2017",42,NA,NA,NA,NA,NA
"222","2/01/2018",27,NA,NA,NA,NA,NA
"223","3/01/2018",21,NA,NA,NA,NA,NA
"224","4/01/2018",21,NA,NA,NA,NA,NA
"225","5/01/2018",26,NA,NA,NA,NA,NA
"226","6/01/2018",23,NA,NA,NA,NA,NA
"227","7/01/2018",37,NA,NA,NA,NA,NA
"228","8/01/2018",44,NA,NA,NA,NA,NA
"229","9/01/2018",35,NA,NA,NA,NA,NA
"230","10/01/2018",27,NA,NA,NA,NA,NA
"231","11/01/2018",32,NA,NA,NA,NA,NA
"232","12/01/2018",40,NA,NA,NA,NA,NA
"233","13/01/2018",35,NA,NA,NA,NA,NA
"234","14/01/2018",40,NA,NA,NA,NA,NA
"235","15/01/2018",27,NA,NA,NA,NA,NA
"236","16/01/2018",25,NA,NA,NA,NA,NA
"237","17/01/2018",37,NA,NA,NA,NA,NA
"238","18/01/2018",39,NA,NA,NA,NA,NA
"239","19/01/2018",49,NA,NA,NA,NA,NA
"240","20/01/2018",35,NA,NA,NA,NA,NA
"241","21/01/2018",54,NA,NA,NA,NA,NA
"242","22/01/2018",62,NA,NA,NA,NA,NA
"243","23/01/2018",62,NA,NA,NA,NA,NA
"244","24/01/2018",36,NA,NA,NA,NA,NA
"245","25/01/2018",29,NA,NA,NA,NA,NA
"246","26/01/2018",44,NA,NA,NA,NA,NA
"247","27/01/2018",65,NA,NA,NA,NA,NA
"248","28/01/2018",57,NA,NA,NA,2,NA
"249","29/01/2018",57,NA,28,5,NA,1
"250","30/01/2018",36,NA,12,4,NA,1
"251","31/01/2018",27,NA,15,3,NA,NA
"252","1/02/2018",22,16,17,6,2,1
"253","2/02/2018",18,15,16,5,3,2
"254","3/02/2018",23,10,24,4,NA,2
"255","4/02/2018",27,8,3,5,NA,1
"256","5/02/2018",23,NA,NA,NA,NA,NA
"257","6/02/2018",30,NA,NA,NA,NA,NA
"258","7/02/2018",40,NA,NA,NA,NA,NA
"259","8/02/2018",42,NA,NA,NA,NA,NA
"260","9/02/2018",46,NA,NA,NA,NA,NA
"261","10/02/2018",50,NA,NA,NA,NA,NA
"262","11/02/2018",34,NA,NA,NA,NA,NA
"263","12/02/2018",32,NA,NA,NA,NA,NA
"264","13/02/2018",25,NA,NA,NA,NA,NA
"265","14/02/2018",21,NA,NA,NA,NA,NA
"266","15/02/2018",27,NA,NA,NA,NA,NA
"267","16/02/2018",33,NA,NA,NA,NA,NA
"268","17/02/2018",31,NA,NA,NA,NA,NA
"269","18/02/2018",41,NA,NA,NA,NA,NA
"270","19/02/2018",41,NA,NA,NA,NA,NA
"271","20/02/2018",64,NA,NA,NA,NA,NA
"272","23/02/2018",40,NA,NA,NA,NA,NA
"273","24/02/2018",39,NA,NA,NA,NA,NA
"274","25/02/2018",31,NA,NA,NA,NA,NA
"275","26/02/2018",27,NA,NA,NA,NA,NA
"276","27/02/2018",24,NA,NA,NA,NA,NA
"277","28/02/2018",29,NA,NA,NA,NA,NA
"278","1/03/2018",28,NA,NA,NA,NA,NA
"279","2/03/2018",30,NA,NA,NA,NA,NA
"280","3/03/2018",28,NA,NA,NA,NA,NA
"281","4/03/2018",36,NA,NA,NA,NA,NA
"282","5/03/2018",32,NA,NA,NA,NA,NA
"283","6/03/2018",27,NA,NA,NA,NA,NA
"284","7/03/2018",27,NA,NA,NA,NA,NA
"285","8/03/2018",33,NA,NA,NA,NA,NA
"286","9/03/2018",33,NA,NA,NA,NA,NA
"287","10/03/2018",39,NA,NA,NA,NA,NA
"288","11/03/2018",49,NA,NA,NA,NA,NA
"289","12/03/2018",37,NA,NA,NA,NA,NA
"290","13/03/2018",33,NA,NA,NA,NA,NA
"291","14/03/2018",27,NA,NA,NA,NA,NA
"292","15/03/2018",30,NA,NA,NA,NA,NA
"293","16/03/2018",38,NA,NA,NA,NA,NA
"294","17/03/2018",37,NA,NA,NA,NA,NA
"295","18/03/2018",43,NA,NA,NA,NA,NA
"296","19/03/2018",18,NA,NA,NA,NA,NA
"297","20/03/2018",20,NA,NA,NA,NA,NA
"298","21/03/2018",29,NA,NA,NA,NA,NA
"299","22/03/2018",29,NA,NA,NA,NA,NA
"300","23/03/2018",28,NA,NA,NA,NA,NA
"301","24/03/2018",28,NA,NA,NA,NA,NA
"302","25/03/2018",21,NA,NA,NA,NA,NA
"303","26/03/2018",24,NA,NA,NA,NA,NA
"304","27/03/2018",24,NA,NA,NA,NA,NA
"305","28/03/2018",28,NA,NA,NA,NA,NA
"306","29/03/2018",28,NA,NA,NA,NA,NA
"307","30/03/2018",30,NA,NA,NA,NA,NA
"308","31/03/2018",32,NA,NA,NA,NA,NA
"309","1/04/2018",30,NA,NA,NA,NA,NA
"310","2/04/2018",31,NA,NA,NA,NA,NA
"311","3/04/2018",32,NA,NA,NA,NA,NA
"312","4/04/2018",26,NA,NA,NA,NA,NA
"313","5/04/2018",24,NA,NA,NA,NA,NA
"314","6/04/2018",46,NA,NA,NA,NA,NA
"315","7/04/2018",51,NA,NA,NA,NA,NA
"316","8/04/2018",25,NA,NA,NA,NA,NA
"317","9/04/2018",35,NA,NA,NA,NA,NA
"318","10/04/2018",45,NA,NA,NA,NA,NA
"319","11/04/2018",47,NA,NA,NA,NA,NA
"320","12/04/2018",47,NA,NA,NA,NA,NA
"321","13/04/2018",51,NA,NA,NA,NA,NA
"322","14/04/2018",37,NA,NA,NA,NA,NA
"323","15/04/2018",21,NA,NA,NA,NA,NA
"324","16/04/2018",18,NA,NA,NA,NA,NA
"325","17/04/2018",20,NA,NA,NA,NA,NA
"326","18/04/2018",34,NA,NA,NA,NA,NA
"327","19/04/2018",36,NA,NA,NA,NA,NA
"328","20/04/2018",60,NA,NA,NA,NA,NA
"329","21/04/2018",85,NA,NA,NA,NA,NA
"330","22/04/2018",96,NA,NA,NA,NA,NA
"331","23/04/2018",113,NA,NA,NA,NA,NA
"332","24/04/2018",85,NA,NA,NA,NA,NA
"333","25/04/2018",61,NA,NA,NA,NA,NA
"334","26/04/2018",52,NA,NA,NA,NA,NA
"335","27/04/2018",38,NA,NA,NA,NA,NA
"336","28/04/2018",37,NA,NA,NA,NA,NA
"337","29/04/2018",32,NA,NA,NA,NA,NA
"338","30/04/2018",31,NA,NA,NA,NA,NA
"339","1/05/2018",29,NA,NA,NA,NA,NA
"340","2/05/2018",83,NA,NA,NA,NA,NA
"341","3/05/2018",81,NA,NA,NA,NA,NA
"342","4/05/2018",48,NA,NA,NA,NA,NA
"343","5/05/2018",21,NA,NA,NA,NA,NA
"344","6/05/2018",24,NA,NA,NA,NA,NA
"345","7/05/2018",31,NA,NA,NA,NA,NA
"346","8/05/2018",29,NA,NA,NA,NA,NA
"347","10/05/2018",49,NA,NA,NA,NA,NA
"348","11/05/2018",24,NA,NA,NA,NA,NA
"349","12/05/2018",25,NA,NA,NA,NA,NA
"350","13/05/2018",47,NA,NA,NA,NA,NA
"351","14/05/2018",24,NA,NA,NA,NA,NA
"352","15/05/2018",35,NA,NA,NA,NA,NA
"353","16/05/2018",53,NA,NA,NA,NA,NA
"354","17/05/2018",36,NA,NA,NA,NA,NA
"355","18/05/2018",30,NA,NA,NA,NA,NA
"356","19/05/2018",23,NA,NA,NA,NA,NA
"357","20/05/2018",27,NA,NA,NA,NA,NA
"358","21/05/2018",26,NA,NA,NA,NA,NA
"359","22/05/2018",26,NA,NA,NA,NA,NA
"360","23/05/2018",27,NA,NA,NA,NA,NA
"361","24/05/2018",37,NA,NA,NA,NA,NA
"362","25/05/2018",45,NA,NA,NA,NA,NA
"363","26/05/2018",41,NA,NA,NA,NA,NA
"364","27/05/2018",58,NA,NA,NA,NA,NA
"365","28/05/2018",62,NA,NA,NA,NA,NA
"366","29/05/2018",44,NA,NA,NA,NA,NA
"367","30/05/2018",26,NA,NA,NA,NA,NA
"368","31/05/2018",32,NA,NA,NA,NA,NA
"369","1/06/2018",32,NA,NA,NA,NA,NA
"370","2/06/2018",50,NA,NA,NA,NA,NA
"371","3/06/2018",66,NA,NA,NA,NA,NA
"372","4/06/2018",56,NA,NA,NA,NA,NA
"373","5/06/2018",51,NA,NA,NA,NA,NA
"374","6/06/2018",45,NA,NA,NA,NA,NA
"375","7/06/2018",50,NA,NA,NA,NA,NA
"376","8/06/2018",31,NA,NA,NA,NA,NA
"377","9/06/2018",19,NA,NA,NA,NA,NA
"378","10/06/2018",23,NA,NA,NA,NA,NA
"379","11/06/2018",65,NA,NA,NA,NA,NA
"380","12/06/2018",65,NA,NA,NA,NA,NA
"381","13/06/2018",15,NA,NA,NA,NA,NA
"382","14/06/2018",14,NA,NA,NA,NA,NA
"383","15/06/2018",17,NA,NA,NA,NA,NA
"384","16/06/2018",18,NA,NA,NA,NA,NA
"385","17/06/2018",19,NA,NA,NA,NA,NA
"386","18/06/2018",20,NA,NA,NA,NA,NA
"387","19/06/2018",30,NA,NA,NA,NA,NA
"388","20/06/2018",52,NA,NA,NA,NA,NA
"389","21/06/2018",48,NA,NA,NA,NA,NA
"390","22/06/2018",36,NA,NA,NA,NA,NA
"391","23/06/2018",57,NA,NA,NA,NA,NA
"392","24/06/2018",40,NA,NA,NA,NA,NA
"393","25/06/2018",37,NA,NA,NA,NA,NA
"394","26/06/2018",32,NA,NA,NA,NA,NA
"395","27/06/2018",41,NA,NA,NA,NA,NA
"396","28/06/2018",69,NA,NA,NA,NA,NA
"397","29/06/2018",104,NA,NA,NA,NA,NA
"398","30/06/2018",85,NA,NA,NA,NA,NA
"399","1/07/2018",25,NA,NA,NA,NA,NA
"400","2/07/2018",33,NA,NA,NA,NA,NA
"401","3/07/2018",55,NA,NA,NA,NA,NA
"402","4/07/2018",29,NA,NA,NA,NA,NA
"403","5/07/2018",22,NA,NA,NA,NA,NA
"404","6/07/2018",19,NA,NA,NA,NA,NA
"405","7/07/2018",15,NA,NA,NA,NA,NA
"406","8/07/2018",20,NA,NA,NA,NA,NA
"407","9/07/2018",28,NA,NA,NA,NA,NA
"408","10/07/2018",30,NA,NA,NA,NA,NA
"409","11/07/2018",24,NA,NA,NA,NA,NA
"410","12/07/2018",19,NA,NA,NA,NA,NA
"411","13/07/2018",34,NA,NA,NA,NA,NA
"412","14/07/2018",63,NA,NA,NA,NA,NA
"413","15/07/2018",67,NA,NA,NA,NA,NA
"414","16/07/2018",43,NA,NA,NA,NA,NA
"415","17/07/2018",22,NA,NA,NA,NA,NA
"416","18/07/2018",18,NA,NA,NA,NA,NA
"417","19/07/2018",9,NA,NA,NA,NA,NA
"418","21/07/2018",19,NA,NA,NA,NA,NA
"419","22/07/2018",27,NA,NA,NA,NA,NA
"420","23/07/2018",28,NA,NA,NA,NA,NA
"421","24/07/2018",17,NA,NA,NA,NA,NA
"422","25/07/2018",21,NA,NA,NA,NA,NA
"423","26/07/2018",32,NA,NA,NA,NA,NA
"424","27/07/2018",31,NA,NA,NA,NA,NA
"425","28/07/2018",27,NA,NA,NA,NA,NA
"426","29/07/2018",29,NA,NA,NA,NA,NA
"427","30/07/2018",25,NA,NA,NA,NA,NA
"428","31/07/2018",16,NA,NA,NA,NA,NA
"429","1/08/2018",21,NA,NA,NA,NA,NA
"430","2/08/2018",24,NA,NA,NA,NA,NA
"431","3/08/2018",39,NA,NA,NA,NA,NA
"432","4/08/2018",22,NA,NA,NA,NA,NA
"433","5/08/2018",12,NA,NA,NA,NA,NA
"434","6/08/2018",13,NA,NA,NA,NA,NA
"435","7/08/2018",5,NA,NA,NA,NA,NA
"436","8/08/2018",9,NA,NA,NA,NA,NA
"437","9/08/2018",16,NA,NA,NA,NA,NA
"438","10/08/2018",29,NA,NA,NA,NA,NA
"439","11/08/2018",22,NA,NA,NA,NA,NA
"440","12/08/2018",17,NA,NA,NA,NA,NA
"441","13/08/2018",14,NA,NA,NA,NA,NA
"442","14/08/2018",18,NA,NA,NA,NA,NA
"443","15/08/2018",23,NA,NA,NA,NA,NA
"444","16/08/2018",15,NA,NA,NA,NA,NA
"445","17/08/2018",26,NA,NA,NA,NA,NA
"446","18/08/2018",27,NA,NA,NA,NA,NA
"447","19/08/2018",16,NA,NA,NA,NA,NA
"448","20/08/2018",17,NA,NA,NA,NA,NA
"449","21/08/2018",25,NA,NA,NA,NA,NA
"450","22/08/2018",20,NA,NA,NA,NA,NA
"451","23/08/2018",25,NA,NA,NA,NA,NA
"452","24/08/2018",33,NA,NA,NA,NA,NA
"453","25/08/2018",48,NA,NA,NA,NA,NA
"454","26/08/2018",67,NA,NA,NA,NA,NA
"455","27/08/2018",70,NA,NA,NA,NA,NA
"456","28/08/2018",35,NA,NA,NA,NA,NA
"457","29/08/2018",39,NA,NA,NA,NA,NA
"458","2/09/2018",19,NA,NA,NA,NA,NA
"459","3/09/2018",22,NA,NA,NA,NA,NA
"460","4/09/2018",28,NA,NA,NA,NA,NA
"461","5/09/2018",33,NA,NA,NA,NA,NA
"462","6/09/2018",34,NA,NA,NA,NA,NA
"463","7/09/2018",13,NA,NA,NA,NA,NA
"464","8/09/2018",16,NA,NA,NA,NA,NA
"465","9/09/2018",36,NA,NA,NA,NA,NA
"466","10/09/2018",18,NA,NA,NA,NA,NA
"467","11/09/2018",21,NA,NA,NA,NA,NA
"468","12/09/2018",24,NA,NA,NA,NA,NA
"469","13/09/2018",22,NA,NA,NA,NA,NA
"470","14/09/2018",27,NA,NA,NA,NA,NA
"471","15/09/2018",20,NA,NA,NA,NA,NA
"472","16/09/2018",11,NA,NA,NA,NA,NA
"473","17/09/2018",11,NA,NA,NA,NA,NA
"474","18/09/2018",16,NA,NA,NA,NA,NA
"475","19/09/2018",11,NA,NA,NA,NA,NA
"476","20/09/2018",13,NA,NA,NA,NA,NA
"477","21/09/2018",21,NA,NA,NA,NA,NA
"478","22/09/2018",23,NA,NA,NA,NA,NA
"479","23/09/2018",29,NA,NA,NA,NA,NA
"480","24/09/2018",29,NA,NA,NA,NA,NA
"481","25/09/2018",18,NA,NA,NA,NA,NA
"482","26/09/2018",21,NA,NA,NA,NA,NA
"483","27/09/2018",23,NA,NA,NA,NA,NA
"484","28/09/2018",32,NA,NA,NA,NA,NA
"485","29/09/2018",15,NA,NA,NA,NA,NA
"486","30/09/2018",11,NA,NA,NA,NA,NA
"487","1/10/2018",19,NA,NA,NA,NA,NA
"488","2/10/2018",17,NA,NA,NA,NA,NA
"489","3/10/2018",20,NA,NA,NA,NA,NA
"490","4/10/2018",25,NA,NA,NA,NA,NA
"491","5/10/2018",23,NA,NA,NA,NA,NA
"492","6/10/2018",24,NA,NA,NA,NA,NA
"493","7/10/2018",25,NA,NA,NA,NA,NA
"494","8/10/2018",40,NA,NA,NA,NA,NA
"495","9/10/2018",39,NA,NA,NA,NA,NA
"496","11/10/2018",24,NA,NA,NA,NA,NA
"497","12/10/2018",21,NA,NA,NA,NA,NA
"498","13/10/2018",23,NA,NA,NA,NA,NA
"499","14/10/2018",18,NA,NA,NA,NA,NA
"500","15/10/2018",16,NA,NA,NA,NA,NA
"501","16/10/2018",11,NA,NA,NA,NA,NA
"502","17/10/2018",17,NA,NA,NA,NA,NA
"503","18/10/2018",14,NA,NA,NA,NA,NA
"504","19/10/2018",10,NA,NA,NA,NA,NA
"505","20/10/2018",14,NA,NA,NA,NA,NA
"506","21/10/2018",18,NA,NA,NA,NA,NA
"507","22/10/2018",27,NA,NA,NA,NA,NA
"508","23/10/2018",17,NA,NA,NA,NA,NA
"509","24/10/2018",25,NA,NA,NA,NA,NA
"510","25/10/2018",31,NA,NA,NA,NA,NA
"511","26/10/2018",25,NA,NA,NA,NA,NA
"512","27/10/2018",30,NA,NA,NA,NA,NA
"513","28/10/2018",25,NA,NA,NA,NA,NA
"514","29/10/2018",22,NA,NA,NA,NA,NA
"515","30/10/2018",19,NA,NA,NA,NA,NA
"516","31/10/2018",28,NA,NA,NA,NA,NA
"517","1/11/2018",43,NA,NA,NA,NA,NA
"518","2/11/2018",46,NA,NA,NA,NA,NA
"519","3/11/2018",44,NA,NA,NA,NA,NA
"520","4/11/2018",38,NA,NA,NA,NA,NA
"521","5/11/2018",30,NA,NA,NA,NA,NA
"522","6/11/2018",38,NA,NA,NA,NA,NA
"523","7/11/2018",31,NA,NA,NA,NA,NA
"524","8/11/2018",31,NA,NA,NA,NA,NA
"525","9/11/2018",16,NA,NA,NA,NA,NA
"526","10/11/2018",19,NA,NA,NA,NA,NA
"527","11/11/2018",20,NA,NA,NA,NA,NA
"528","12/11/2018",18,NA,NA,NA,NA,NA
"529","13/11/2018",23,NA,NA,NA,NA,NA
"530","14/11/2018",33,NA,NA,NA,NA,NA
"531","15/11/2018",30,NA,NA,NA,NA,NA
"532","16/11/2018",19,NA,NA,NA,NA,NA
"533","17/11/2018",22,NA,NA,NA,NA,NA
"534","18/11/2018",20,NA,NA,NA,NA,NA
"535","19/11/2018",25,NA,NA,NA,NA,NA
"536","20/11/2018",230,NA,NA,NA,NA,NA
"537","21/11/2018",31,NA,NA,NA,NA,NA
"538","22/11/2018",36,NA,NA,NA,NA,NA
"539","23/11/2018",29,NA,NA,NA,NA,NA
"540","24/11/2018",27,NA,NA,NA,NA,NA
"541","25/11/2018",24,NA,NA,NA,NA,NA
"542","26/11/2018",21,NA,NA,NA,NA,NA
"543","27/11/2018",26,NA,NA,NA,NA,NA
"544","28/11/2018",31,NA,NA,NA,NA,NA
"545","29/11/2018",34,NA,NA,NA,NA,NA
"546","30/11/2018",27,NA,NA,NA,NA,NA
"547","1/12/2018",29,NA,NA,NA,NA,NA
"548","2/12/2018",21,NA,NA,NA,NA,NA
"549","3/12/2018",17,NA,NA,NA,NA,NA
"550","4/12/2018",17,NA,NA,NA,NA,NA
"551","5/12/2018",19,NA,NA,NA,NA,NA
"552","7/12/2018",43,NA,NA,NA,NA,NA
"553","8/12/2018",33,NA,NA,NA,NA,NA
"554","9/12/2018",35,NA,NA,NA,NA,NA
"555","10/12/2018",34,NA,NA,NA,NA,NA
"556","11/12/2018",30,NA,NA,NA,NA,NA
"557","12/12/2018",29,NA,NA,NA,NA,NA
"558","13/12/2018",42,NA,NA,NA,NA,NA
"559","14/12/2018",27,NA,NA,NA,NA,NA
"560","15/12/2018",35,NA,NA,NA,NA,NA
"561","16/12/2018",51,NA,NA,NA,NA,NA
"562","17/12/2018",31,NA,NA,NA,NA,NA
"563","18/12/2018",27,NA,NA,NA,NA,NA
"564","19/12/2018",21,NA,NA,NA,NA,NA
"565","20/12/2018",23,NA,NA,NA,NA,NA
"566","22/12/2018",26,NA,NA,NA,NA,NA
"567","23/12/2018",16,NA,NA,NA,NA,NA
"568","24/12/2018",10,NA,NA,NA,NA,NA
"569","25/12/2018",18,NA,NA,NA,NA,NA
"570","26/12/2018",23,NA,NA,NA,NA,NA
"571","27/12/2018",18,NA,NA,NA,NA,NA
"572","28/12/2018",30,NA,NA,NA,NA,NA
"573","29/12/2018",48,NA,NA,NA,NA,NA
"574","30/12/2018",35,NA,NA,NA,NA,NA
"575","31/12/2018",37,NA,NA,NA,NA,NA
"576","2/01/2019",49,NA,NA,NA,NA,NA
"577","3/01/2019",24,NA,NA,NA,NA,NA
"578","4/01/2019",30,NA,NA,NA,NA,NA
"579","5/01/2019",56,NA,NA,NA,NA,NA
"580","6/01/2019",38,NA,NA,NA,NA,NA
"581","7/01/2019",20,NA,NA,NA,NA,NA
"582","8/01/2019",13,NA,NA,NA,NA,NA
"583","9/01/2019",31,NA,NA,NA,NA,NA
"584","10/01/2019",26,NA,NA,NA,NA,NA
"585","11/01/2019",21,NA,NA,NA,NA,NA
"586","12/01/2019",22,NA,NA,NA,NA,NA
"587","13/01/2019",34,NA,NA,NA,NA,NA
"588","14/01/2019",35,NA,NA,NA,NA,NA
"589","15/01/2019",50,NA,NA,NA,NA,NA
"590","16/01/2019",65,NA,NA,NA,NA,NA
"591","17/01/2019",55,NA,NA,NA,NA,NA
"592","18/01/2019",54,NA,NA,NA,NA,NA
"593","19/01/2019",52,NA,NA,NA,NA,NA
"594","20/01/2019",40,NA,NA,NA,NA,NA
"595","21/01/2019",24,NA,NA,NA,NA,NA
"596","22/01/2019",34,NA,NA,NA,NA,NA
"597","23/01/2019",53,NA,NA,NA,NA,NA
"598","24/01/2019",41,NA,NA,NA,NA,NA
"599","25/01/2019",34,NA,NA,NA,NA,NA
"600","26/01/2019",51,NA,NA,NA,NA,NA
"601","27/01/2019",42,NA,NA,NA,NA,NA
"602","28/01/2019",20,NA,NA,NA,NA,NA
"603","29/01/2019",23,NA,NA,NA,NA,NA
"604","30/01/2019",36,NA,NA,NA,NA,NA
"605","1/02/2019",23,NA,NA,NA,NA,NA
"606","2/02/2019",22,NA,NA,NA,NA,NA
"607","3/02/2019",41,NA,NA,NA,NA,NA
"608","4/02/2019",65,NA,NA,NA,NA,NA
"609","5/02/2019",51,NA,NA,NA,NA,NA
"610","7/02/2019",50,NA,NA,NA,NA,NA
"611","8/02/2019",43,NA,NA,NA,NA,NA
"612","9/02/2019",52,NA,NA,NA,NA,NA
"613","10/02/2019",31,NA,NA,NA,NA,NA
"614","11/02/2019",24,NA,NA,NA,NA,NA
"615","12/02/2019",30,NA,NA,NA,NA,NA
"616","13/02/2019",20,NA,NA,NA,NA,NA
"617","14/02/2019",33,NA,NA,NA,NA,NA
"618","15/02/2019",29,NA,NA,NA,NA,NA
"619","16/02/2019",33,NA,NA,NA,NA,NA
"620","17/02/2019",40,NA,NA,NA,NA,NA
"621","18/02/2019",51,NA,NA,NA,NA,NA
"622","19/02/2019",40,NA,NA,NA,NA,NA
"623","20/02/2019",36,NA,NA,NA,NA,NA
"624","21/02/2019",27,NA,NA,NA,NA,NA
"625","22/02/2019",28,NA,NA,NA,NA,NA
"626","23/02/2019",21,NA,NA,NA,NA,NA
"627","24/02/2019",19,NA,NA,NA,NA,NA
"628","25/02/2019",35,NA,NA,NA,NA,NA
"629","26/02/2019",42,NA,NA,NA,NA,NA
"630","27/02/2019",39,NA,NA,NA,NA,NA
"631","28/02/2019",38,NA,NA,NA,NA,NA
"632","1/03/2019",57,NA,NA,NA,NA,NA
"633","2/03/2019",47,NA,NA,NA,NA,NA
"634","3/03/2019",36,NA,NA,NA,NA,NA
"635","4/03/2019",38,NA,NA,NA,NA,NA
"636","5/03/2019",45,NA,NA,NA,NA,NA
"637","6/03/2019",38,NA,NA,NA,NA,NA
"638","7/03/2019",30,NA,NA,NA,NA,NA
"639","8/03/2019",27,NA,NA,NA,NA,NA
"640","9/03/2019",28,NA,NA,NA,NA,NA
"641","10/03/2019",40,NA,NA,NA,NA,NA
"642","11/03/2019",68,NA,NA,NA,NA,NA
"643","12/03/2019",35,NA,NA,NA,NA,NA
"644","13/03/2019",34,NA,NA,NA,NA,NA
"645","14/03/2019",22,NA,NA,NA,NA,NA
"646","15/03/2019",22,NA,NA,NA,NA,NA
"647","16/03/2019",32,NA,NA,NA,NA,NA
"648","17/03/2019",30,NA,NA,NA,NA,NA
"649","18/03/2019",58,NA,NA,NA,NA,NA
"650","19/03/2019",56,NA,NA,NA,NA,NA
"651","20/03/2019",18,NA,NA,NA,NA,NA
"652","21/03/2019",24,NA,NA,NA,NA,NA
"653","23/03/2019",53,NA,NA,NA,NA,NA
"654","24/03/2019",48,NA,NA,NA,NA,NA
"655","25/03/2019",25,NA,NA,NA,NA,NA
"656","26/03/2019",18,NA,NA,NA,NA,NA
"657","27/03/2019",19,NA,NA,NA,NA,NA
"658","28/03/2019",35,NA,NA,NA,NA,NA
"659","29/03/2019",28,NA,NA,NA,NA,NA
"660","30/03/2019",28,NA,NA,NA,NA,NA
"661","31/03/2019",17,NA,NA,NA,NA,NA
"662","1/04/2019",10,NA,NA,NA,NA,NA
"663","2/04/2019",14,NA,NA,NA,NA,NA
"664","3/04/2019",16,NA,NA,NA,NA,NA
"665","4/04/2019",24,NA,NA,NA,NA,NA
"666","5/04/2019",40,NA,NA,NA,NA,NA
"667","6/04/2019",51,NA,NA,NA,NA,NA
"668","10/04/2019",22,NA,NA,NA,NA,NA
"669","11/04/2019",23,NA,NA,NA,NA,NA
"670","12/04/2019",12,NA,NA,NA,NA,NA
"671","13/04/2019",25,NA,NA,NA,NA,NA
"672","14/04/2019",36,NA,NA,NA,NA,NA
"673","15/04/2019",39,NA,NA,NA,NA,NA
"674","16/04/2019",59,NA,NA,NA,NA,NA
"675","17/04/2019",50,NA,NA,NA,NA,NA
"676","18/04/2019",33,NA,NA,NA,NA,NA
"677","19/04/2019",25,NA,NA,NA,NA,NA
"678","20/04/2019",21,NA,NA,NA,NA,NA
"679","21/04/2019",46,NA,NA,NA,NA,NA
"680","22/04/2019",37,NA,NA,NA,NA,NA
"681","23/04/2019",17,NA,NA,NA,NA,NA
"682","24/04/2019",13,NA,NA,NA,NA,NA
"683","25/04/2019",27,NA,NA,NA,NA,NA
"684","26/04/2019",31,NA,NA,NA,NA,NA
"685","27/04/2019",30,NA,NA,NA,NA,NA
"686","28/04/2019",18,NA,NA,NA,NA,NA
"687","29/04/2019",4,NA,NA,NA,NA,NA
"688","30/04/2019",11,NA,NA,NA,NA,NA
"689","1/05/2019",18,NA,NA,NA,NA,NA
"690","2/05/2019",25,NA,NA,NA,NA,NA
"691","3/05/2019",12,NA,NA,NA,NA,NA
"692","4/05/2019",16,NA,NA,NA,NA,NA
"693","5/05/2019",17,NA,NA,NA,NA,NA
"694","6/05/2019",16,NA,NA,NA,NA,NA
"695","7/05/2019",19,NA,NA,NA,NA,NA
"696","8/05/2019",21,NA,NA,NA,NA,NA
"697","9/05/2019",11,NA,NA,NA,NA,NA
"698","10/05/2019",14,NA,NA,NA,NA,NA
"699","11/05/2019",20,NA,NA,NA,NA,NA
"700","12/05/2019",17,NA,NA,NA,NA,NA
"701","13/05/2019",14,NA,NA,NA,NA,NA
"702","14/05/2019",8,NA,NA,NA,NA,NA
"703","15/05/2019",10,NA,NA,NA,NA,NA
"704","16/05/2019",30,NA,NA,NA,NA,NA
"705","17/05/2019",34,NA,NA,NA,NA,NA
"706","18/05/2019",56,NA,NA,NA,NA,NA
"707","19/05/2019",69,NA,NA,NA,NA,NA
"708","20/05/2019",66,NA,NA,NA,NA,NA
"709","21/05/2019",37,NA,NA,NA,NA,NA
"710","22/05/2019",28,NA,NA,NA,NA,NA
"711","23/05/2019",34,NA,NA,NA,NA,NA
"712","24/05/2019",28,NA,NA,NA,NA,NA
"713","25/05/2019",22,NA,NA,NA,NA,NA
"714","26/05/2019",21,NA,NA,NA,NA,NA
"715","27/05/2019",14,NA,NA,NA,NA,NA
"716","29/05/2019",17,NA,NA,NA,NA,NA
"717","30/05/2019",13,NA,NA,NA,NA,NA
"718","31/05/2019",24,NA,NA,NA,NA,NA
"719","1/06/2019",28,NA,NA,NA,NA,NA
"720","2/06/2019",34,NA,NA,NA,NA,NA
"721","3/06/2019",31,NA,NA,NA,NA,NA
"722","4/06/2019",23,NA,NA,NA,NA,NA
"723","5/06/2019",20,NA,NA,NA,NA,NA
"724","6/06/2019",19,NA,NA,NA,NA,NA
"725","7/06/2019",23,NA,NA,NA,NA,NA
"726","8/06/2019",23,NA,NA,NA,NA,NA
"727","9/06/2019",41,NA,NA,NA,NA,NA
"728","10/06/2019",33,NA,NA,NA,NA,NA
"729","11/06/2019",20,NA,NA,NA,NA,NA
"730","12/06/2019",20,NA,NA,NA,NA,NA
"731","13/06/2019",16,NA,NA,NA,NA,NA
"732","14/06/2019",16,NA,NA,NA,NA,NA
"733","15/06/2019",22,NA,NA,NA,NA,NA
"734","16/06/2019",26,NA,NA,NA,NA,NA
"735","17/06/2019",36,NA,NA,NA,NA,NA
"736","18/06/2019",47,NA,NA,NA,NA,NA
"737","19/06/2019",20,NA,NA,NA,NA,NA
"738","20/06/2019",15,NA,NA,NA,NA,NA
"739","21/06/2019",27,NA,NA,NA,NA,NA
"740","22/06/2019",31,NA,NA,NA,NA,NA
"741","23/06/2019",36,NA,NA,NA,NA,NA
"742","24/06/2019",58,NA,NA,NA,NA,NA
"743","25/06/2019",71,NA,NA,NA,NA,NA
"744","26/06/2019",47,NA,NA,NA,NA,NA
"745","27/06/2019",32,NA,NA,NA,NA,NA
"746","28/06/2019",32,NA,NA,NA,NA,NA
"747","29/06/2019",20,NA,NA,NA,NA,NA
"748","30/06/2019",15,NA,NA,NA,NA,NA
"749","1/07/2019",12,NA,NA,NA,NA,NA
"750","2/07/2019",16,NA,NA,NA,NA,NA
"751","3/07/2019",14,NA,NA,NA,NA,NA
"752","4/07/2019",34,NA,NA,NA,NA,NA
"753","5/07/2019",39,NA,NA,NA,NA,NA
"754","6/07/2019",75,NA,NA,NA,NA,NA
"755","7/07/2019",57,NA,NA,NA,NA,NA
"756","8/07/2019",41,NA,NA,NA,NA,NA
"757","9/07/2019",17,NA,NA,NA,NA,NA
"758","10/07/2019",22,NA,NA,NA,NA,NA
"759","11/07/2019",15,NA,NA,NA,NA,NA
"760","12/07/2019",13,NA,NA,NA,NA,NA
"761","13/07/2019",22,NA,NA,NA,NA,NA
"762","14/07/2019",15,NA,NA,NA,NA,NA
"763","15/07/2019",14,NA,NA,NA,NA,NA
"764","16/07/2019",29,NA,NA,NA,NA,NA
"765","17/07/2019",27,NA,NA,NA,NA,NA
"766","18/07/2019",20,NA,NA,NA,NA,NA
"767","19/07/2019",25,NA,NA,NA,NA,NA
"768","20/07/2019",23,NA,NA,NA,NA,NA
"769","21/07/2019",20,NA,NA,NA,NA,NA
"770","22/07/2019",9,NA,NA,NA,NA,NA
"771","23/07/2019",16,NA,NA,NA,NA,NA
"772","24/07/2019",15,NA,NA,NA,NA,NA
"773","25/07/2019",14,NA,NA,NA,NA,NA
"774","26/07/2019",13,NA,NA,NA,NA,NA
"775","27/07/2019",14,NA,NA,NA,NA,NA
"776","28/07/2019",29,NA,NA,NA,NA,NA
"777","29/07/2019",30,NA,NA,NA,NA,NA
"778","30/07/2019",26,NA,NA,NA,NA,NA
"779","31/07/2019",20,NA,NA,NA,NA,NA
"780","1/08/2019",32,NA,NA,NA,NA,NA
"781","2/08/2019",43,NA,NA,NA,NA,NA
"782","3/08/2019",30,NA,NA,NA,NA,NA
"783","4/08/2019",23,NA,NA,NA,NA,NA
"784","5/08/2019",20,NA,NA,NA,NA,NA
"785","6/08/2019",25,NA,NA,NA,NA,NA
"786","7/08/2019",10,NA,NA,NA,NA,NA
"787","8/08/2019",13,NA,NA,NA,NA,NA
"788","9/08/2019",16,NA,NA,NA,NA,NA
"789","10/08/2019",11,NA,NA,NA,NA,NA
"790","11/08/2019",19,NA,NA,NA,NA,NA
"791","12/08/2019",18,NA,NA,NA,NA,NA
"792","13/08/2019",25,NA,NA,NA,NA,NA
"793","14/08/2019",19,NA,NA,NA,NA,NA
"794","15/08/2019",20,NA,NA,NA,NA,NA
"795","16/08/2019",9,NA,NA,NA,NA,NA
"796","17/08/2019",12,NA,NA,NA,NA,NA
"797","18/08/2019",24,NA,NA,NA,NA,NA
"798","19/08/2019",14,NA,NA,NA,NA,NA
"799","20/08/2019",8,NA,NA,NA,NA,NA
"800","21/08/2019",14,NA,NA,NA,NA,NA
"801","22/08/2019",14,NA,NA,NA,NA,NA
"802","23/08/2019",28,NA,NA,NA,NA,NA
"803","24/08/2019",37,NA,NA,NA,NA,NA
"804","25/08/2019",16,NA,NA,NA,NA,NA
"805","26/08/2019",17,NA,NA,NA,NA,NA
"806","27/08/2019",22,NA,NA,NA,NA,NA
"807","28/08/2019",31,NA,NA,NA,NA,NA
"808","29/08/2019",17,NA,NA,NA,NA,NA
"809","30/08/2019",19,NA,NA,NA,NA,NA
"810","31/08/2019",30,NA,NA,NA,NA,NA
"811","1/09/2019",47,NA,NA,NA,NA,NA
"812","2/09/2019",13,NA,NA,NA,NA,NA
"813","3/09/2019",16,NA,NA,NA,NA,NA
"814","4/09/2019",17,NA,NA,NA,NA,NA
"815","5/09/2019",34,NA,NA,NA,NA,NA
"816","6/09/2019",26,NA,NA,NA,NA,NA
"817","7/09/2019",22,NA,NA,NA,NA,NA
"818","8/09/2019",17,NA,NA,NA,NA,NA
"819","9/09/2019",14,NA,NA,NA,NA,NA
"820","10/09/2019",21,NA,NA,NA,NA,NA
"821","11/09/2019",27,NA,NA,NA,NA,NA
"822","12/09/2019",29,NA,NA,NA,NA,NA
"823","13/09/2019",17,NA,NA,NA,NA,NA
"824","14/09/2019",26,NA,NA,NA,NA,NA
"825","15/09/2019",29,NA,NA,NA,NA,NA
"826","16/09/2019",27,NA,NA,NA,NA,NA
"827","17/09/2019",19,NA,NA,NA,NA,NA
"828","18/09/2019",15,NA,NA,NA,NA,NA
"829","19/09/2019",18,NA,NA,NA,NA,NA
"830","20/09/2019",25,NA,NA,NA,NA,NA
"831","21/09/2019",20,NA,NA,NA,NA,NA
"832","22/09/2019",28,NA,NA,NA,NA,NA
"833","23/09/2019",15,NA,NA,NA,NA,NA
"834","24/09/2019",9,NA,NA,NA,NA,NA
"835","25/09/2019",11,NA,NA,NA,NA,NA
"836","26/09/2019",18,NA,NA,NA,NA,NA
"837","27/09/2019",21,NA,NA,NA,NA,NA
"838","28/09/2019",12,NA,NA,NA,NA,NA
"839","29/09/2019",18,NA,NA,NA,NA,NA
"840","30/09/2019",18,NA,NA,NA,NA,NA
"841","1/10/2019",19,NA,NA,NA,NA,NA
"842","2/10/2019",25,NA,NA,NA,NA,NA
"843","3/10/2019",39,NA,NA,NA,NA,NA
"844","4/10/2019",33,NA,NA,NA,NA,NA
"845","5/10/2019",26,NA,NA,NA,NA,NA
"846","6/10/2019",21,NA,NA,NA,NA,NA
"847","7/10/2019",28,NA,NA,NA,NA,NA
"848","8/10/2019",13,NA,NA,NA,NA,NA
"849","9/10/2019",14,NA,NA,NA,NA,NA
"850","10/10/2019",15,NA,NA,NA,NA,NA
"851","11/10/2019",14,NA,NA,NA,NA,NA
"852","12/10/2019",18,NA,NA,NA,NA,NA
"853","13/10/2019",14,NA,NA,NA,NA,NA
"854","14/10/2019",17,NA,NA,NA,NA,NA
"855","15/10/2019",15,NA,NA,NA,NA,NA
"856","16/10/2019",22,NA,NA,NA,NA,NA
"857","17/10/2019",16,NA,NA,NA,NA,NA
"858","18/10/2019",17,NA,NA,NA,NA,NA
"859","19/10/2019",19,NA,NA,NA,NA,NA
"860","20/10/2019",19,NA,NA,NA,NA,NA
"861","21/10/2019",19,NA,NA,NA,NA,NA
"862","22/10/2019",21,NA,NA,NA,NA,NA
"863","23/10/2019",32,NA,NA,NA,NA,NA
"864","24/10/2019",55,NA,NA,NA,NA,NA
"865","25/10/2019",49,NA,NA,NA,NA,NA
"866","26/10/2019",39,NA,NA,NA,NA,NA
"867","27/10/2019",35,NA,NA,NA,NA,NA
"868","28/10/2019",26,NA,NA,NA,NA,NA
"869","29/10/2019",30,NA,NA,NA,NA,NA
"870","30/10/2019",43,NA,NA,NA,NA,NA
"871","31/10/2019",50,NA,NA,NA,NA,NA
"872","1/11/2019",53,NA,NA,NA,NA,NA
"873","2/11/2019",32,NA,NA,NA,NA,NA
"874","3/11/2019",34,NA,NA,NA,NA,NA
"875","4/11/2019",19,NA,NA,NA,NA,NA
"876","5/11/2019",16,NA,NA,NA,NA,NA
"877","6/11/2019",17,NA,NA,NA,NA,NA
"878","7/11/2019",18,NA,NA,NA,NA,NA
"879","8/11/2019",13,NA,NA,NA,NA,NA
"880","9/11/2019",14,NA,NA,NA,NA,NA
"881","10/11/2019",21,NA,NA,NA,NA,NA
"882","11/11/2019",17,NA,NA,NA,NA,NA
"883","12/11/2019",13,NA,NA,NA,NA,NA
"884","13/11/2019",16,NA,NA,NA,NA,NA
"885","14/11/2019",25,NA,NA,NA,NA,NA
"886","15/11/2019",20,NA,NA,NA,NA,NA
"887","16/11/2019",17,NA,NA,NA,NA,NA
"888","17/11/2019",29,NA,NA,NA,NA,NA
"889","18/11/2019",24,NA,NA,NA,NA,NA
"890","19/11/2019",17,NA,NA,NA,NA,NA
"891","20/11/2019",21,NA,NA,NA,NA,NA
"892","24/11/2019",24,NA,NA,NA,NA,NA
"893","25/11/2019",27,NA,NA,NA,NA,NA
"894","26/11/2019",28,NA,NA,NA,NA,NA
"895","27/11/2019",24,NA,NA,NA,NA,NA
"896","28/11/2019",20,NA,NA,NA,NA,NA
"897","29/11/2019",20,NA,NA,NA,NA,NA
"898","30/11/2019",36,NA,NA,NA,NA,NA
"899","1/12/2019",29,NA,NA,NA,NA,NA
"900","2/12/2019",15,NA,NA,NA,NA,NA
"901","4/12/2019",19,NA,NA,NA,NA,NA
"902","5/12/2019",17,NA,NA,NA,NA,NA
"903","6/12/2019",23,NA,NA,NA,NA,NA
"904","7/12/2019",23,NA,NA,NA,NA,NA
"905","8/12/2019",35,NA,NA,NA,NA,NA
"906","9/12/2019",29,NA,NA,NA,NA,NA
"907","10/12/2019",32,NA,NA,NA,NA,NA
"908","11/12/2019",29,NA,NA,NA,NA,NA
"909","12/12/2019",19,NA,NA,NA,NA,NA
"910","13/12/2019",23,NA,NA,NA,NA,NA
"911","14/12/2019",24,NA,NA,NA,NA,NA
"912","15/12/2019",19,NA,NA,NA,NA,NA
"913","16/12/2019",14,NA,NA,NA,NA,NA
"914","17/12/2019",26,NA,NA,NA,NA,NA
"915","18/12/2019",34,NA,NA,NA,NA,NA
"916","19/12/2019",44,NA,NA,NA,NA,NA
"917","20/12/2019",40,NA,NA,NA,NA,NA
"918","21/12/2019",52,NA,NA,NA,NA,NA
"919","22/12/2019",69,NA,NA,NA,NA,NA
"920","23/12/2019",27,NA,NA,NA,NA,NA
"921","24/12/2019",40,NA,NA,NA,NA,NA
"922","25/12/2019",42,NA,NA,NA,NA,NA
"923","26/12/2019",46,NA,NA,NA,NA,NA
"924","27/12/2019",77,NA,NA,NA,NA,NA
"925","28/12/2019",28,NA,NA,NA,NA,NA
"926","29/12/2019",62,NA,NA,NA,NA,NA
"927","30/12/2019",53,NA,NA,NA,NA,NA
"928","2/01/2020",44,18,29,2,1,NA
"929","3/01/2020",26,55,61,7,NA,4
"930","4/01/2020",112,41,31,3,1,2
"931","5/01/2020",82,13,13,2,NA,NA
"932","6/01/2020",20,56,17,12,NA,20
"933","7/01/2020",134,19,16,6,NA,7
"934","8/01/2020",70,19,25,4,NA,2
"935","9/01/2020",55,29,53,5,NA,4
"936","10/01/2020",69,50,30,5,NA,5
"937","11/01/2020",78,NA,NA,NA,NA,NA
"938","12/01/2020",32,NA,NA,NA,NA,NA
"939","13/01/2020",18,NA,NA,NA,NA,NA
"940","14/01/2020",96,NA,NA,NA,NA,NA
"941","15/01/2020",272,NA,NA,NA,NA,NA
"942","16/01/2020",145,NA,NA,NA,NA,NA
"943","17/01/2020",86,NA,NA,NA,NA,NA
"944","18/01/2020",26,NA,NA,NA,NA,NA
"945","19/01/2020",47,NA,NA,NA,NA,NA
"946","20/01/2020",62,NA,NA,NA,NA,NA
"947","21/01/2020",33,NA,NA,NA,NA,NA
"948","22/01/2020",34,NA,NA,NA,NA,NA
"949","23/01/2020",26,NA,NA,NA,NA,NA
"950","24/01/2020",18,NA,NA,NA,NA,NA
"951","25/01/2020",28,NA,NA,NA,NA,NA
"952","26/01/2020",28,NA,NA,NA,NA,NA
"953","27/01/2020",21,NA,NA,NA,NA,NA
"954","28/01/2020",21,NA,NA,NA,NA,NA
"955","29/01/2020",27,NA,NA,NA,NA,NA
"956","30/01/2020",34,25,37,17,NA,3
"957","31/01/2020",39,46,42,8,NA,1
"958","1/02/2020",49,16,12,6,NA,NA
"959","2/02/2020",28,8,14,3,NA,NA
"960","3/02/2020",16,15,14,3,NA,NA
"961","4/02/2020",19,17,15,3,NA,NA
"962","5/02/2020",27,16,19,5,NA,NA
"963","6/02/2020",29,NA,NA,NA,NA,NA
"964","7/02/2020",62,NA,NA,NA,NA,NA
"965","8/02/2020",106,NA,NA,NA,NA,NA
"966","9/02/2020",79,NA,NA,NA,NA,NA
"967","11/02/2020",27,NA,NA,NA,NA,NA
"968","12/02/2020",35,NA,NA,NA,NA,NA
"969","13/02/2020",25,NA,NA,NA,NA,NA
"970","14/02/2020",23,NA,NA,NA,NA,NA
"971","15/02/2020",24,NA,NA,NA,NA,NA
"972","16/02/2020",32,NA,NA,NA,NA,NA
"973","17/02/2020",21,NA,NA,NA,NA,NA
"974","18/02/2020",36,NA,NA,NA,NA,NA
"975","19/02/2020",35,NA,NA,NA,NA,NA
"976","20/02/2020",32,NA,NA,NA,NA,NA
"977","21/02/2020",25,NA,NA,NA,NA,NA
"978","22/02/2020",24,15,16,3,NA,NA
"979","23/02/2020",24,17,33,6,NA,NA
"980","24/02/2020",31,22,11,13,NA,1
"981","25/02/2020",55,14,16,9,NA,1
"982","26/02/2020",39,11,14,4,NA,NA
"983","27/02/2020",24,13,15,6,NA,NA
"984","28/02/2020",25,9,14,5,NA,NA
"985","29/02/2020",23,NA,NA,NA,NA,NA
"986","1/03/2020",25,NA,NA,NA,NA,NA
"987","2/03/2020",22,NA,NA,NA,NA,NA
"988","3/03/2020",22,NA,NA,NA,NA,NA
"989","4/03/2020",17,NA,NA,NA,NA,NA
"990","5/03/2020",35,NA,NA,NA,NA,NA
"991","6/03/2020",30,NA,NA,NA,NA,NA
"992","7/03/2020",27,NA,NA,NA,NA,NA
"993","8/03/2020",23,NA,NA,NA,NA,NA
"994","9/03/2020",19,NA,NA,NA,NA,NA
"995","10/03/2020",27,NA,NA,NA,NA,NA
"996","11/03/2020",35,NA,NA,NA,NA,NA
"997","12/03/2020",30,NA,NA,NA,NA,NA
"998","13/03/2020",23,NA,NA,NA,NA,NA
"999","14/03/2020",24,NA,NA,NA,NA,NA
"1000","15/03/2020",26,NA,NA,NA,NA,NA
"1001","16/03/2020",16,NA,NA,NA,NA,NA
"1002","17/03/2020",26,NA,NA,NA,NA,NA
"1003","18/03/2020",26,NA,NA,NA,NA,NA
"1004","19/03/2020",18,NA,NA,NA,NA,NA
"1005","20/03/2020",27,NA,NA,NA,NA,NA
"1006","21/03/2020",26,NA,NA,NA,NA,NA
"1007","22/03/2020",31,NA,NA,NA,NA,NA
"1008","23/03/2020",23,NA,NA,NA,NA,NA
"1009","24/03/2020",20,NA,NA,NA,NA,NA
"1010","25/03/2020",18,NA,NA,NA,NA,NA
"1011","26/03/2020",17,NA,NA,NA,NA,NA
"1012","27/03/2020",15,NA,NA,NA,NA,NA
"1013","31/03/2020",11,NA,NA,NA,NA,NA
"1014","1/04/2020",23,NA,NA,NA,NA,NA
"1015","2/04/2020",44,NA,NA,NA,NA,NA
"1016","3/04/2020",39,NA,NA,NA,NA,NA
"1017","4/04/2020",24,NA,NA,NA,NA,NA
"1018","5/04/2020",17,NA,NA,NA,NA,NA
"1019","6/04/2020",14,NA,NA,NA,NA,NA
"1020","7/04/2020",20,NA,NA,NA,NA,NA
"1021","8/04/2020",19,NA,NA,NA,NA,NA
"1022","9/04/2020",20,NA,NA,NA,NA,NA
"1023","10/04/2020",33,NA,NA,NA,NA,NA
"1024","11/04/2020",29,NA,NA,NA,NA,NA
"1025","12/04/2020",24,NA,NA,NA,NA,NA
"1026","13/04/2020",14,NA,NA,NA,NA,NA
"1027","14/04/2020",23,NA,NA,NA,NA,NA
"1028","15/04/2020",38,NA,NA,NA,NA,NA
"1029","16/04/2020",32,NA,NA,NA,NA,NA
"1030","17/04/2020",25,NA,NA,NA,NA,NA
"1031","18/04/2020",21,NA,NA,NA,NA,NA
"1032","19/04/2020",16,NA,NA,NA,NA,NA
"1033","20/04/2020",21,NA,NA,NA,NA,NA
"1034","21/04/2020",24,NA,NA,NA,NA,NA
"1035","22/04/2020",28,NA,NA,NA,NA,NA
"1036","23/04/2020",25,NA,NA,NA,NA,NA
"1037","24/04/2020",31,NA,NA,NA,NA,NA
"1038","25/04/2020",28,NA,NA,NA,NA,NA
"1039","26/04/2020",31,NA,NA,NA,NA,NA
"1040","27/04/2020",4,NA,NA,NA,NA,NA
"1041","28/04/2020",40,NA,NA,NA,NA,NA
"1042","29/04/2020",25,NA,NA,NA,NA,NA
"1043","30/04/2020",17,NA,NA,NA,NA,NA
"1044","1/05/2020",15,NA,NA,NA,NA,NA
"1045","2/05/2020",17,NA,NA,NA,NA,NA
"1046","3/05/2020",18,NA,NA,NA,NA,NA
"1047","4/05/2020",27,NA,NA,NA,NA,NA
"1048","5/05/2020",18,NA,NA,NA,NA,NA
"1049","6/05/2020",28,NA,NA,NA,NA,NA
"1050","7/05/2020",19,NA,NA,NA,NA,NA
"1051","8/05/2020",16,NA,NA,NA,NA,NA
"1052","9/05/2020",17,NA,NA,NA,NA,NA
"1053","10/05/2020",11,NA,NA,NA,NA,NA
"1054","11/05/2020",17,NA,NA,NA,NA,NA
"1055","12/05/2020",19,NA,NA,NA,NA,NA
"1056","13/05/2020",16,NA,NA,NA,NA,NA
"1057","14/05/2020",23,NA,NA,NA,NA,NA
"1058","15/05/2020",43,NA,NA,NA,NA,NA
"1059","16/05/2020",56,NA,NA,NA,NA,NA
"1060","17/05/2020",62,NA,NA,NA,NA,NA
"1061","18/05/2020",64,NA,NA,NA,NA,NA
"1062","19/05/2020",66,NA,NA,NA,NA,NA
"1063","20/05/2020",26,NA,NA,NA,NA,NA
"1064","21/05/2020",14,NA,NA,NA,NA,NA
"1065","22/05/2020",16,NA,NA,NA,NA,NA
"1066","23/05/2020",22,NA,NA,NA,NA,NA
"1067","24/05/2020",18,NA,NA,NA,NA,NA
"1068","25/05/2020",14,NA,NA,NA,NA,NA
"1069","26/05/2020",23,NA,NA,NA,NA,NA
"1070","27/05/2020",39,NA,NA,NA,NA,NA
"1071","28/05/2020",31,NA,NA,NA,NA,NA
"1072","29/05/2020",25,NA,NA,NA,NA,NA
"1073","30/05/2020",28,NA,NA,NA,NA,NA
"1074","31/05/2020",17,NA,NA,NA,NA,NA
"1075","1/06/2020",12,NA,NA,NA,NA,NA
"1076","2/06/2020",11,NA,NA,NA,NA,NA
"1077","3/06/2020",19,NA,NA,NA,NA,NA
"1078","4/06/2020",28,NA,NA,NA,NA,NA
"1079","5/06/2020",25,NA,NA,NA,NA,NA
"1080","6/06/2020",65,NA,NA,NA,NA,NA
"1081","7/06/2020",50,NA,NA,NA,NA,NA
"1082","8/06/2020",15,NA,NA,NA,NA,NA
"1083","9/06/2020",40,NA,NA,NA,NA,NA
"1084","10/06/2020",49,NA,NA,NA,NA,NA
"1085","11/06/2020",48,NA,NA,NA,NA,NA
"1086","12/06/2020",57,NA,NA,NA,NA,NA
"1087","13/06/2020",57,NA,NA,NA,NA,NA
"1088","14/06/2020",31,NA,NA,NA,NA,NA
"1089","15/06/2020",16,NA,NA,NA,NA,NA
"1090","16/06/2020",18,NA,NA,NA,NA,NA
"1091","17/06/2020",16,NA,NA,NA,NA,NA
"1092","18/06/2020",32,NA,NA,NA,NA,NA
"1093","19/06/2020",49,NA,NA,NA,NA,NA
"1094","20/06/2020",24,NA,NA,NA,NA,NA
"1095","21/06/2020",23,NA,NA,NA,NA,NA
"1096","22/06/2020",44,NA,NA,NA,NA,NA
"1097","23/06/2020",20,NA,NA,NA,NA,NA
"1098","24/06/2020",24,NA,NA,NA,NA,NA
"1099","25/06/2020",37,NA,NA,NA,NA,NA
"1100","26/06/2020",29,NA,NA,NA,NA,NA
"1101","27/06/2020",31,NA,NA,NA,NA,NA
"1102","28/06/2020",45,NA,NA,NA,NA,NA
"1103","29/06/2020",120,NA,NA,NA,NA,NA
"1104","30/06/2020",70,NA,NA,NA,NA,NA
"1105","1/07/2020",28,NA,NA,NA,NA,NA
"1106","2/07/2020",24,NA,NA,NA,NA,NA
"1107","3/07/2020",20,NA,NA,NA,NA,NA
"1108","4/07/2020",20,NA,NA,NA,NA,NA
"1109","5/07/2020",24,NA,NA,NA,NA,NA
"1110","6/07/2020",18,NA,NA,NA,NA,NA
"1111","7/07/2020",24,NA,NA,NA,NA,NA
"1112","8/07/2020",27,NA,NA,NA,NA,NA
"1113","9/07/2020",42,NA,NA,NA,NA,NA
"1114","10/07/2020",44,NA,NA,NA,NA,NA
"1115","11/07/2020",46,NA,NA,NA,NA,NA
"1116","13/07/2020",37,NA,NA,NA,NA,NA
"1117","14/07/2020",19,NA,NA,NA,NA,NA
"1118","15/07/2020",16,NA,NA,NA,NA,NA
"1119","16/07/2020",23,NA,NA,NA,NA,NA
"1120","17/07/2020",38,NA,NA,NA,NA,NA
"1121","18/07/2020",49,NA,NA,NA,NA,NA
"1122","19/07/2020",22,NA,NA,NA,NA,NA
"1123","20/07/2020",15,NA,NA,NA,NA,NA
"1124","21/07/2020",21,NA,NA,NA,NA,NA
"1125","22/07/2020",26,NA,NA,NA,NA,NA
"1126","23/07/2020",13,NA,NA,NA,NA,NA
"1127","24/07/2020",20,NA,NA,NA,NA,NA
"1128","25/07/2020",40,NA,NA,NA,NA,NA
"1129","26/07/2020",62,NA,NA,NA,NA,NA
"1130","27/07/2020",83,NA,NA,NA,NA,NA
"1131","28/07/2020",41,NA,NA,NA,NA,NA
"1132","29/07/2020",27,NA,NA,NA,NA,NA
"1133","30/07/2020",41,NA,NA,NA,NA,NA
"1134","31/07/2020",43,NA,NA,NA,NA,NA
"1135","1/08/2020",60,NA,NA,NA,NA,NA
"1136","2/08/2020",32,NA,NA,NA,NA,NA
"1137","3/08/2020",27,NA,NA,NA,NA,NA
"1138","4/08/2020",22,NA,NA,NA,NA,NA
"1139","5/08/2020",18,NA,NA,NA,NA,NA
"1140","6/08/2020",27,NA,NA,NA,NA,NA
"1141","7/08/2020",22,NA,NA,NA,NA,NA
"1142","8/08/2020",35,NA,NA,NA,NA,NA
"1143","9/08/2020",16,NA,NA,NA,NA,NA
"1144","10/08/2020",14,NA,NA,NA,NA,NA
"1145","11/08/2020",38,NA,NA,NA,NA,NA
"1146","12/08/2020",34,NA,NA,NA,NA,NA
"1147","13/08/2020",16,NA,NA,NA,NA,NA
"1148","14/08/2020",18,NA,NA,NA,NA,NA
"1149","15/08/2020",25,NA,NA,NA,NA,NA
"1150","16/08/2020",35,NA,NA,NA,NA,NA
"1151","17/08/2020",20,NA,NA,NA,NA,NA
"1152","18/08/2020",15,NA,NA,NA,NA,NA
"1153","19/08/2020",14,NA,NA,NA,NA,NA
"1154","20/08/2020",16,NA,NA,NA,NA,NA
"1155","21/08/2020",13,NA,NA,NA,NA,NA
"1156","22/08/2020",18,NA,NA,NA,NA,NA
"1157","23/08/2020",13,NA,NA,NA,NA,NA
"1158","24/08/2020",19,NA,NA,NA,NA,NA
"1159","25/08/2020",16,NA,NA,NA,NA,NA
"1160","26/08/2020",20,NA,NA,NA,NA,NA
"1161","27/08/2020",24,NA,NA,NA,NA,NA
"1162","28/08/2020",16,NA,NA,NA,NA,NA
"1163","29/08/2020",45,NA,NA,NA,NA,NA
"1164","30/08/2020",31,NA,NA,NA,NA,NA
"1165","31/08/2020",22,NA,NA,NA,NA,NA
"1166","1/09/2020",20,NA,NA,NA,NA,NA
"1167","2/09/2020",31,NA,NA,NA,NA,NA
"1168","3/09/2020",17,NA,NA,NA,NA,NA
"1169","4/09/2020",12,NA,NA,NA,NA,NA
"1170","5/09/2020",26,NA,NA,NA,NA,NA
"1171","6/09/2020",30,NA,NA,NA,NA,NA
"1172","7/09/2020",51,NA,NA,NA,NA,NA
"1173","8/09/2020",20,NA,NA,NA,NA,NA
"1174","9/09/2020",23,NA,NA,NA,NA,NA
"1175","10/09/2020",26,NA,NA,NA,NA,NA
"1176","11/09/2020",28,NA,NA,NA,NA,NA
"1177","12/09/2020",13,NA,NA,NA,NA,NA
"1178","13/09/2020",17,NA,NA,NA,NA,NA
"1179","14/09/2020",24,NA,NA,NA,NA,NA
"1180","15/09/2020",28,NA,NA,NA,NA,NA
"1181","16/09/2020",38,NA,NA,NA,NA,NA
"1182","17/09/2020",33,NA,NA,NA,NA,NA
"1183","18/09/2020",22,NA,NA,NA,NA,NA
"1184","19/09/2020",42,NA,NA,NA,NA,NA
"1185","20/09/2020",43,NA,NA,NA,NA,NA
"1186","21/09/2020",9,NA,NA,NA,NA,NA
"1187","22/09/2020",18,NA,NA,NA,NA,NA
"1188","23/09/2020",19,NA,NA,NA,NA,NA
"1189","24/09/2020",15,NA,NA,NA,NA,NA
"1190","25/09/2020",11,NA,NA,NA,NA,NA
"1191","26/09/2020",13,NA,NA,NA,NA,NA
"1192","27/09/2020",18,NA,NA,NA,NA,NA
"1193","28/09/2020",21,NA,NA,NA,NA,NA
"1194","29/09/2020",29,NA,NA,NA,NA,NA
"1195","30/09/2020",27,NA,NA,NA,NA,NA
"1196","1/10/2020",18,NA,NA,NA,NA,NA
"1197","2/10/2020",30,NA,NA,NA,NA,NA
"1198","3/10/2020",25,NA,NA,NA,NA,NA
"1199","4/10/2020",18,NA,NA,NA,NA,NA
"1200","5/10/2020",33,NA,NA,NA,NA,NA
"1201","6/10/2020",12,NA,NA,NA,NA,NA
"1202","7/10/2020",19,NA,NA,NA,NA,NA
"1203","8/10/2020",50,NA,NA,NA,NA,NA
"1204","9/10/2020",18,NA,NA,NA,NA,NA
"1205","10/10/2020",20,NA,NA,NA,NA,NA
"1206","11/10/2020",20,NA,NA,NA,NA,NA
"1207","12/10/2020",15,NA,NA,NA,NA,NA
"1208","13/10/2020",23,NA,NA,NA,NA,NA
"1209","14/10/2020",31,NA,NA,NA,NA,NA
"1210","15/10/2020",31,NA,NA,NA,NA,NA
"1211","16/10/2020",24,NA,NA,NA,NA,NA
"1212","17/10/2020",27,NA,NA,NA,NA,NA
"1213","18/10/2020",24,NA,NA,NA,NA,NA
"1214","19/10/2020",12,NA,NA,NA,NA,NA
"1215","20/10/2020",19,NA,NA,NA,NA,NA
"1216","21/10/2020",20,NA,NA,NA,NA,NA
"1217","22/10/2020",27,NA,NA,NA,NA,NA
"1218","23/10/2020",24,NA,NA,NA,NA,NA
"1219","24/10/2020",36,NA,NA,NA,NA,NA
"1220","25/10/2020",12,NA,NA,NA,NA,NA
"1221","26/10/2020",15,NA,NA,NA,NA,NA
"1222","27/10/2020",12,NA,NA,NA,NA,NA
"1223","28/10/2020",18,NA,NA,NA,NA,NA
"1224","29/10/2020",29,NA,NA,NA,NA,NA
"1225","30/10/2020",23,NA,NA,NA,NA,NA
"1226","31/10/2020",30,NA,NA,NA,NA,NA
"1227","1/11/2020",13,NA,NA,NA,NA,NA
"1228","2/11/2020",13,NA,NA,NA,NA,NA
"1229","3/11/2020",28,NA,NA,NA,NA,NA
"1230","4/11/2020",28,NA,NA,NA,NA,NA
"1231","5/11/2020",20,NA,NA,NA,NA,NA
"1232","6/11/2020",19,NA,NA,NA,NA,NA
"1233","7/11/2020",17,NA,NA,NA,NA,NA
"1234","8/11/2020",18,NA,NA,NA,NA,NA
"1235","9/11/2020",29,NA,NA,NA,NA,NA
"1236","10/11/2020",29,NA,NA,NA,NA,NA
"1237","11/11/2020",28,NA,NA,NA,NA,NA
"1238","12/11/2020",22,NA,NA,NA,NA,NA
"1239","13/11/2020",22,NA,NA,NA,NA,NA
"1240","14/11/2020",15,NA,NA,NA,NA,NA
"1241","15/11/2020",18,NA,NA,NA,NA,NA
"1242","16/11/2020",20,NA,NA,NA,NA,NA
"1243","17/11/2020",22,NA,NA,NA,NA,NA
"1244","18/11/2020",26,NA,NA,NA,NA,NA
"1245","19/11/2020",28,NA,NA,NA,NA,NA
"1246","20/11/2020",27,NA,NA,NA,NA,NA
"1247","21/11/2020",39,NA,NA,NA,NA,NA
"1248","22/11/2020",46,NA,NA,NA,NA,NA
"1249","23/11/2020",51,NA,NA,NA,NA,NA
"1250","24/11/2020",23,NA,NA,NA,NA,NA
"1251","25/11/2020",20,NA,NA,NA,NA,NA
"1252","26/11/2020",29,NA,NA,NA,NA,NA
"1253","27/11/2020",24,NA,NA,NA,NA,NA
"1254","28/11/2020",35,NA,NA,NA,NA,NA
"1255","29/11/2020",40,NA,NA,NA,NA,NA
"1256","30/11/2020",24,NA,NA,NA,NA,NA
"1257","1/12/2020",39,NA,NA,NA,NA,NA
"1258","2/12/2020",29,NA,NA,NA,NA,NA
"1259","3/12/2020",17,NA,NA,NA,NA,NA
"1260","4/12/2020",26,NA,NA,NA,NA,NA
"1261","5/12/2020",25,NA,NA,NA,NA,NA
"1262","6/12/2020",23,NA,NA,NA,NA,NA
"1263","7/12/2020",17,NA,NA,NA,NA,NA
"1264","8/12/2020",19,NA,NA,NA,NA,NA
"1265","9/12/2020",22,NA,NA,NA,NA,NA
"1266","10/12/2020",23,NA,NA,NA,NA,NA
"1267","11/12/2020",24,NA,NA,NA,NA,NA
"1268","12/12/2020",24,NA,NA,NA,NA,NA
"1269","13/12/2020",33,NA,NA,NA,NA,NA
"1270","14/12/2020",21,NA,NA,NA,NA,NA
"1271","15/12/2020",21,NA,NA,NA,NA,NA
"1272","16/12/2020",27,NA,NA,NA,NA,NA
"1273","17/12/2020",30,NA,NA,NA,NA,NA
"1274","18/12/2020",38,NA,NA,NA,NA,NA
"1275","19/12/2020",18,NA,NA,NA,NA,NA
"1276","20/12/2020",16,NA,NA,NA,NA,NA
"1277","21/12/2020",19,NA,NA,NA,NA,NA
"1278","22/12/2020",29,NA,NA,NA,NA,NA
"1279","23/12/2020",24,NA,NA,NA,NA,NA
"1280","24/12/2020",20,NA,NA,NA,NA,NA
"1281","25/12/2020",19,NA,NA,NA,NA,NA
"1282","26/12/2020",11,NA,NA,NA,NA,NA
"1283","27/12/2020",26,NA,NA,NA,NA,NA
"1284","28/12/2020",18,NA,NA,NA,NA,NA
"1285","29/12/2020",16,NA,NA,NA,NA,NA
"1286","30/12/2020",15,NA,NA,NA,NA,NA
"1287","31/12/2020",19,NA,NA,NA,NA,NA
"1288","1/01/2021",21,NA,NA,NA,NA,NA
"1289","2/01/2021",27,NA,NA,NA,NA,NA
"1290","3/01/2021",19,NA,NA,NA,NA,NA
"1291","4/01/2021",21,NA,NA,NA,NA,NA
"1292","5/01/2021",20,NA,NA,NA,NA,NA
"1293","6/01/2021",17,NA,NA,NA,NA,NA
"1294","7/01/2021",15,NA,NA,NA,NA,NA
"1295","8/01/2021",22,NA,NA,NA,NA,NA
"1296","9/01/2021",24,NA,NA,NA,NA,NA
"1297","10/01/2021",34,NA,NA,NA,NA,NA
"1298","11/01/2021",38,NA,NA,NA,NA,NA
"1299","12/01/2021",30,NA,NA,NA,NA,NA
"1300","13/01/2021",26,NA,NA,NA,NA,NA
"1301","14/01/2021",42,NA,NA,NA,NA,NA
"1302","15/01/2021",34,NA,NA,NA,NA,NA
"1303","16/01/2021",18,NA,NA,NA,NA,NA
"1304","17/01/2021",18,NA,NA,NA,NA,NA
"1305","18/01/2021",28,NA,NA,NA,NA,NA
"1306","19/01/2021",20,NA,NA,NA,NA,NA
"1307","20/01/2021",27,NA,NA,NA,NA,NA
"1308","21/01/2021",33,NA,NA,NA,NA,NA
"1309","22/01/2021",36,NA,NA,NA,NA,NA
"1310","23/01/2021",40,NA,NA,NA,NA,NA
"1311","24/01/2021",35,NA,NA,NA,NA,NA
"1312","25/01/2021",33,NA,NA,NA,NA,NA
"1313","26/01/2021",28,NA,NA,NA,NA,NA
"1314","27/01/2021",23,NA,NA,NA,NA,NA
"1315","28/01/2021",24,NA,NA,NA,NA,NA
"1316","29/01/2021",19,NA,NA,NA,NA,NA
"1317","30/01/2021",23,NA,NA,NA,NA,NA
"1318","31/01/2021",23,NA,NA,NA,NA,NA
"1319","1/02/2021",13,NA,NA,NA,NA,NA
"1320","2/02/2021",28,NA,NA,NA,NA,NA
"1321","3/02/2021",21,NA,NA,NA,NA,NA
"1322","4/02/2021",23,NA,NA,NA,NA,NA
"1323","5/02/2021",25,NA,NA,NA,NA,NA
"1324","6/02/2021",24,NA,NA,NA,NA,NA
"1325","7/02/2021",16,NA,NA,NA,NA,NA
"1326","8/02/2021",21,NA,NA,NA,NA,NA
"1327","9/02/2021",18,NA,NA,NA,NA,NA
"1328","10/02/2021",30,NA,NA,NA,NA,NA
"1329","11/02/2021",31,NA,NA,NA,NA,NA
"1330","12/02/2021",32,NA,NA,NA,NA,NA
"1331","13/02/2021",29,NA,NA,NA,NA,NA
"1332","14/02/2021",18,NA,NA,NA,NA,NA
"1333","15/02/2021",15,NA,NA,NA,NA,NA
"1334","16/02/2021",28,NA,NA,NA,NA,NA
"1335","17/02/2021",34,NA,NA,NA,NA,NA
"1336","19/02/2021",31,NA,NA,NA,NA,NA
"1337","20/02/2021",27,NA,NA,NA,NA,NA
"1338","21/02/2021",36,NA,NA,NA,NA,NA
"1339","22/02/2021",28,NA,NA,NA,NA,NA
"1340","23/02/2021",25,NA,NA,NA,NA,NA
"1341","24/02/2021",11,NA,NA,NA,NA,NA
"1342","2/03/2021",53,NA,NA,NA,NA,NA
"1343","2/04/2021",43,NA,NA,NA,NA,NA
"1344","3/04/2021",45,NA,NA,NA,NA,NA
"1345","4/04/2021",52,NA,NA,NA,NA,NA
"1346","5/04/2021",28,NA,NA,NA,NA,NA
"1347","6/04/2021",18,NA,NA,NA,NA,NA
"1348","7/04/2021",34,NA,NA,NA,NA,NA
"1349","8/04/2021",50,NA,NA,NA,NA,NA
"1350","9/04/2021",48,NA,NA,NA,NA,NA
"1351","10/04/2021",26,NA,NA,NA,NA,NA
"1352","11/04/2021",23,NA,NA,NA,NA,NA
"1353","12/04/2021",19,NA,NA,NA,NA,NA
"1354","13/04/2021",21,NA,NA,NA,NA,NA
"1355","14/04/2021",34,NA,NA,NA,NA,NA
"1356","15/04/2021",27,NA,NA,NA,NA,NA
"1357","16/04/2021",17,NA,NA,NA,NA,NA
"1358","17/04/2021",23,NA,NA,NA,NA,NA
"1359","18/04/2021",22,NA,NA,NA,NA,NA
"1360","19/04/2021",20,NA,NA,NA,NA,NA
"1361","20/04/2021",20,NA,NA,NA,NA,NA
"1362","27/04/2021",21,NA,NA,NA,NA,NA
"1363","28/04/2021",19,NA,NA,NA,NA,NA
"1364","29/04/2021",28,NA,NA,NA,NA,NA
